{"type":"footer","name":"t:sections.footer-group.name","sections":{"footer-promotions":{"type":"footer-promotions","blocks":{"footer-promotions-0":{"type":"promotion","settings":{"enable_image":true,"image_mask":"none","title":"Site-wide promotion","text":"<p>Use this section to promote content throughout every page of your site. Add images for further impact.<\/p>","button_label":"Optional button","button_link":""}},"footer-promotions-1":{"type":"promotion","settings":{"enable_image":true,"image_mask":"none","title":"Site-wide promotion","text":"<p>Use this section to promote content throughout every page of your site. Add images for further impact.<\/p>","button_label":"Optional button","button_link":""}},"footer-promotions-2":{"type":"promotion","settings":{"enable_image":true,"image_mask":"none","title":"Site-wide promotion","text":"<p>Use this section to promote content throughout every page of your site. Add images for further impact.<\/p>","button_label":"Optional button","button_link":""}}},"block_order":["footer-promotions-0","footer-promotions-1","footer-promotions-2"],"disabled":true,"settings":{"hide_homepage":false,"image_size":"wide"}},"footer":{"type":"footer","blocks":{"footer-1":{"type":"menu","settings":{"show_footer_title":false,"menu":"footer","container_width":25}},"footer2":{"type":"newsletter","settings":{"show_footer_title":true,"title":"Sign up and save","text":"<p>Subscribe to get special offers, free giveaways, and once-in-a-lifetime deals.<\/p>","container_width":33}},"a16e3a3b-9ca5-4df3-8055-e06e5de18acf":{"type":"custom","settings":{"show_footer_title":true,"title":"Security Guarantee","image":"shopify:\/\/shop_images\/Untitled_design_1.png","text":"","container_width":25}}},"block_order":["footer-1","footer2","a16e3a3b-9ca5-4df3-8055-e06e5de18acf"],"settings":{"show_locale_selector":true,"show_currency_selector":true,"show_currency_flags":true,"show_payment_icons":false,"show_copyright":false,"copyright_text":""}}},"order":["footer-promotions","footer"]}