{"type":"header","name":"t:sections.header-group.name","sections":{"announcement":{"type":"announcement","blocks":{"announcement-0":{"type":"announcement","settings":{"text":"For Order Enquiry & Exchanges Please Call or Whatsapp","link_text":"0321-9400587 (10:00 AM to 5:00 PM, Monday to Saturday)","link":"https:\/\/wa.me\/%2B923219400587"}}},"block_order":["announcement-0"],"settings":{"announcement_compact":true}},"header":{"type":"header","blocks":{"header-0":{"type":"logo","settings":{"logo":"shopify:\/\/shop_images\/Blue-Logo-W-Text.png","desktop_logo_width":140,"mobile_logo_width":110}}},"block_order":["header-0"],"settings":{"main_menu_link_list":"new-menu-areab","hover_menu":true,"mega_menu_images":false,"main_menu_alignment":"left-center","header_style":"sticky","sticky_index":false,"sticky_collection":false,"toolbar_menu":"","toolbar_social":true,"show_locale_selector":true,"show_currency_selector":true,"show_currency_flags":true}}},"order":["announcement","header"]}