{"type":"custom.popups","name":"t:sections.popup-group.name","sections":{"newsletter-popup":{"type":"newsletter-popup","blocks":{"reminder-block":{"type":"header","settings":{"reminder_label":"Get Rs.200 OFF Now!"}}},"block_order":["reminder-block"],"settings":{"disable_for_account_holders":true,"popup_seconds":30,"popup_days":7,"popup_title":"Subscribe & Get Rs. 200 Off","popup_text":"<p>Subscribe to get regular emails for subscribers only: exclusive discounts and advance sale alerts. <\/p>","popup_image":"shopify:\/\/shop_images\/New_runner-1.png","image_position":"left","show_social_icons":true,"enable_newsletter":true,"button_label":"","button_link":""}},"age-verification-popup":{"type":"age-verification-popup","disabled":true,"settings":{"enable_test_mode":false,"blur_image":false,"heading":"Confirm your age","text":"<p>Are you 18 years old or older?<\/p>","decline_button_label":"No I'm not","approve_button_label":"Yes I am","decline_heading":"Come back when you're older","decline_text":"<p>Sorry, the content of this store can't be seen by a younger audience. Come back when you're older.<\/p>","return_button_label":"Oops, I entered incorrectly"}}},"order":["newsletter-popup","age-verification-popup"]}