{"sections":{"promo-grid":{"type":"promo-grid","blocks":{"da7fc1d2-17c4-4870-bff6-b2b8acb29eb9":{"type":"image","settings":{"image":"shopify:\/\/shop_images\/Discounted-Forever-Landscape.jpg","link":"shopify:\/\/collections\/forver-discounted","width":"100"}}},"block_order":["da7fc1d2-17c4-4870-bff6-b2b8acb29eb9"],"settings":{"full_width":false,"gutter_size":20,"space_above":false,"space_below":false,"lazyload_images":true}},"collection-header":{"type":"collection-header","settings":{"enable":true,"collection_image_enable":false,"parallax":false,"parallax_direction":"top"}},"main-collection":{"type":"main-collection","blocks":{"collection_description":{"type":"collection_description","settings":{}},"product_grid":{"type":"product_grid","settings":{"enable_collection_count":true,"per_row":5,"rows_per_page":5,"mobile_flush_grid":true}}},"block_order":["collection_description","product_grid"],"settings":{"enable_sidebar":true,"collapsed":true,"filter_style":"sidebar","enable_color_swatches":false,"enable_sort":true}}},"order":["promo-grid","collection-header","main-collection"]}