{"sections":{"collection-header":{"type":"collection-header","settings":{"enable":true,"collection_image_enable":false,"parallax":false,"parallax_direction":"top"}},"main-collection":{"type":"main-collection","blocks":{"collection_description":{"type":"collection_description","disabled":true,"settings":{}},"product_grid":{"type":"product_grid","settings":{"enable_collection_count":true,"per_row":5,"rows_per_page":5,"mobile_flush_grid":true}}},"block_order":["collection_description","product_grid"],"custom_css":[".grid-product__price {display: none !important;}"],"settings":{"enable_sidebar":false,"collapsed":false,"filter_style":"sidebar","enable_color_swatches":false,"enable_sort":false}}},"order":["collection-header","main-collection"]}