{"sections":{"slideshow":{"type":"slideshow","blocks":{"512a3938-735c-41aa-a8c6-23efc21e2bb4":{"type":"image","settings":{"top_subheading":"","title":"","title_size":80,"subheading":"","link":"shopify:\/\/collections\/winter-20","link_text":"","link_2":"","link_text_2":"","color_accent":"#000000","text_align":"vertical-center horizontal-center","image":"shopify:\/\/shop_images\/Winter-Oct2023-min.jpg","image_mobile":"shopify:\/\/shop_images\/Winter-Oct2023-Mobile-min.jpg","parallax_direction":"top","overlay_opacity":0}},"15a9be43-2036-430f-a833-51cd6fd3affb":{"type":"image","settings":{"top_subheading":"","title":"","title_size":80,"subheading":"","link":"shopify:\/\/collections\/forver-discounted","link_text":"","link_2":"","link_text_2":"","color_accent":"rgba(0,0,0,0)","text_align":"vertical-center horizontal-center","image":"shopify:\/\/shop_images\/Discounted-Forever-Landscape.jpg","image_mobile":"shopify:\/\/shop_images\/Discount-Coverd_1.png","parallax_direction":"top","overlay_opacity":0}}},"block_order":["512a3938-735c-41aa-a8c6-23efc21e2bb4","15a9be43-2036-430f-a833-51cd6fd3affb"],"settings":{"section_height":"natural","mobile_height":"auto","parallax":false,"style":"bars","autoplay":true,"autoplay_speed":5,"lazyload_images":true}},"featured-collection":{"type":"featured-collection","settings":{"title":"Winter Furriness","home_featured_products":"micro-fur-rugs","per_row":5,"rows":1,"mobile_scrollable":true,"view_all":true,"divider":false}},"1f9b43c0-141c-4d9d-9891-11b039627c60":{"type":"featured-collection","settings":{"title":"Best Selling Everything","home_featured_products":"winter-20","per_row":4,"rows":1,"mobile_scrollable":true,"view_all":true,"divider":true}},"84eb5d94-b13d-4775-8b6e-2b6ccd3db0ec":{"type":"featured-collection","settings":{"title":"Forever Discounted","home_featured_products":"forver-discounted","per_row":4,"rows":1,"mobile_scrollable":true,"view_all":true,"divider":false}},"3c7d4279-f974-4771-b46b-695f57dcc4c0":{"type":"advanced-content","blocks":{"template--16955195883755__3c7d4279-f974-4771-b46b-695f57dcc4c0-liquid-1":{"type":"liquid","settings":{"code":"<div class=\"yotpo yotpo-reviews-carousel\"  data-background-color=\"transparent\"  data-mode=\"most_recent\"  data-type=\"both\"  data-count=\"9\"  data-show-bottomline=\"1\"  data-autoplay-enabled=\"1\"  data-autoplay-speed=\"3000\"  data-show-navigation=\"1\">&nbsp;<\/div>","width":"100%","alignment":"center"}}},"block_order":["template--16955195883755__3c7d4279-f974-4771-b46b-695f57dcc4c0-liquid-1"],"settings":{"full_width":false,"space_around":false,"lazyload_images":true}},"37b60223-831f-4d2e-bf06-fa37a1c68261":{"type":"featured-collection","settings":{"title":"Kids Rugs","home_featured_products":"kids-rugs","per_row":4,"rows":1,"mobile_scrollable":true,"view_all":true,"divider":false}},"911ea0bc-f16a-484a-89b2-e3e62fbe831a":{"type":"featured-collection","settings":{"title":"Traditional & Plain Woven Rugs","home_featured_products":"rectangle-oriental-and-plain-woven-rug-jute-back","per_row":4,"rows":1,"mobile_scrollable":true,"view_all":true,"divider":false}},"34f34255-0a11-4738-b55d-0018935137f8":{"type":"featured-collection","settings":{"title":"Outdoor Use Rugs & Runners","home_featured_products":"outdoor-rugs-runners","per_row":5,"rows":1,"mobile_scrollable":true,"view_all":true,"divider":false}},"2e1b5fcb-df06-4428-9a09-be25d2713bca":{"type":"featured-collection","settings":{"title":"Janimaz","home_featured_products":"prayer-mats","per_row":4,"rows":1,"mobile_scrollable":true,"view_all":true,"divider":false}},"e56ed8e8-1833-4ffc-a98c-17a2469fdd79":{"type":"hero-video","settings":{"title":"","title_size":80,"subheading":"","link_text":"","link":"","color_accent":"rgba(0,0,0,0)","text_align":"vertical-center horizontal-center","video_url":"https:\/\/youtu.be\/akHYOtqIBwU","overlay_opacity":0,"section_height":"650px","mobile_height":"auto"}},"010483cf-471a-45cd-8e49-7f464c647653":{"type":"text-columns","blocks":{"template--16955195883755__010483cf-471a-45cd-8e49-7f464c647653-text_block-1":{"type":"text_block","settings":{"enable_image":true,"image":"shopify:\/\/shop_images\/Amazing-Value-Every-Day.png","image_mask":"none","image_width":60,"title":"Amazing Value Every Day","text":"<p>Items you love at prices that fit your budget.<\/p>","button_label":"","button_link":""}},"130a0138-7577-4117-86d9-c889b56a2510":{"type":"text_block","settings":{"enable_image":true,"image":"shopify:\/\/shop_images\/delivery-truck.png","image_mask":"none","image_width":60,"title":"Fast & Free Delivery","text":"<p>Items you love at prices that fit your budget.<\/p>","button_label":"","button_link":""}},"40888d1f-a8e5-41fc-be95-e59ac6d58885":{"type":"text_block","settings":{"enable_image":true,"image":"shopify:\/\/shop_images\/customer-service.png","image_mask":"none","image_width":60,"title":"Expert Customer Support","text":"<p> At 0321-9400587 (From Monday to Saturday 11am to 5pm)<\/p>","button_label":"","button_link":""}},"19c681bd-de11-4951-9727-e4caf62ff887":{"type":"text_block","settings":{"enable_image":true,"image":"shopify:\/\/shop_images\/Unbeatable-Selection.png","image_mask":"none","image_width":60,"title":"Unbeatable Selection","text":"<p>All things home, all in one place.<\/p>","button_label":"","button_link":""}},"068af37b-6b3a-4195-9380-e43ed2d5c887":{"type":"text_block","settings":{"enable_image":true,"image":"shopify:\/\/shop_images\/cash-on-delivery.png","image_mask":"none","image_width":60,"title":"Cash On Delivery","text":"<p>Pay When You Receive Your Items<\/p>","button_label":"","button_link":""}},"29d0307c-adee-4d94-9e76-d964b9e9b613":{"type":"text_block","settings":{"enable_image":true,"image":"shopify:\/\/shop_images\/Trusted.png","image_mask":"none","image_width":60,"title":"Sath Naslon Ka","text":"<p>Trusted Brand Since The 80's<\/p>","button_label":"","button_link":""}}},"block_order":["template--16955195883755__010483cf-471a-45cd-8e49-7f464c647653-text_block-1","130a0138-7577-4117-86d9-c889b56a2510","40888d1f-a8e5-41fc-be95-e59ac6d58885","19c681bd-de11-4951-9727-e4caf62ff887","068af37b-6b3a-4195-9380-e43ed2d5c887","29d0307c-adee-4d94-9e76-d964b9e9b613"],"settings":{"title":"","align_text":"center","divider":false}},"c21167e5-6836-421a-b85a-aa84028fa729":{"type":"slideshow","blocks":{"template--16955195883755__c21167e5-6836-421a-b85a-aa84028fa729-image-1":{"type":"image","settings":{"top_subheading":"","title":"","title_size":80,"subheading":"","link":"https:\/\/www.instagram.com\/nayyerindustriesofficial\/","link_text":"","link_2":"","link_text_2":"","color_accent":"rgba(0,0,0,0)","text_align":"vertical-center horizontal-center","image":"shopify:\/\/shop_images\/Insta-image.jpg","parallax_direction":"top","overlay_opacity":0}}},"block_order":["template--16955195883755__c21167e5-6836-421a-b85a-aa84028fa729-image-1"],"settings":{"section_height":"natural","mobile_height":"auto","parallax":false,"style":"minimal","autoplay":false,"autoplay_speed":5,"lazyload_images":true}}},"order":["slideshow","featured-collection","1f9b43c0-141c-4d9d-9891-11b039627c60","84eb5d94-b13d-4775-8b6e-2b6ccd3db0ec","3c7d4279-f974-4771-b46b-695f57dcc4c0","37b60223-831f-4d2e-bf06-fa37a1c68261","911ea0bc-f16a-484a-89b2-e3e62fbe831a","34f34255-0a11-4738-b55d-0018935137f8","2e1b5fcb-df06-4428-9a09-be25d2713bca","e56ed8e8-1833-4ffc-a98c-17a2469fdd79","010483cf-471a-45cd-8e49-7f464c647653","c21167e5-6836-421a-b85a-aa84028fa729"]}