{"sections":{"main":{"type":"main-product","blocks":{"0802f4e5-891a-4d49-8d24-1dd7b8285b7e":{"type":"custom","settings":{"code":"{% if product.metafields.arer.arl %}\n<button id=\"arer-btn\" style=\"\n          background-color: #000000;\n          border: none;\n          color: white;\n          padding: 10px 32px;\n          text-align: center;\n          text-decoration: none;\n          display: inline-block;\n          font-size: 16px;\n          cursor: pointer;\n          font-weight: 500;\n        \" data-url=\"{{ product.metafields.arer.arl }}\">\n      TRY AT HOME\n    <\/button>\n{% endif %}"}},"b81065ec-dd09-4e18-9995-c7d086a47ef1":{"type":"shopify:\/\/apps\/yotpo-product-photo-reviews\/blocks\/star-rating\/eb7dfd7d-db44-4334-bc49-c893b51b36cf","settings":{"product":"{{product}}"}},"price":{"type":"price","settings":{}},"a615fea7-839d-4238-b270-92778d3a60d6":{"type":"custom","settings":{"code":"<style>\n        .container {\n            text-align: center;\n            margin-bottom: 10px;\n        }\n        .delivery-truck-icon {\n            height: auto;\n            width: auto;\n            max-height: 10%;\n            max-width: 10%;\n            margin-bottom: 10px;\n            display: block;\n            margin-left: auto;\n            margin-right: 100%;\n        }\n        .heading {\n            text-align: left;\n        }\n        .body {\n            text-align: left;\n        }\n        \n        \/* Media Query for Mobile *\/\n        @media (max-width: 768px) {\n            .container {\n                display: flex;\n                flex-direction: column;\n                align-items: center;\n                justify-content: center;\n                text-align: center;\n            }\n            .delivery-truck-icon {\n                max-height: 15%;\n                max-width: 15%;\n                margin-bottom: 20px;\n            margin-left: 50%;\n            margin-right: 50%;\n            }\n            .heading {\n                text-align: center;\n            }\n            .body {\n                text-align: center;\n            }\n        }\n    <\/style>\n    <div class=\"container\">\n        <img src=\"https:\/\/cdn.shopify.com\/s\/files\/1\/0413\/0553\/8719\/files\/delivery-truck_dfb6eaf0-1d0a-4425-80ee-7e010b98b6f4.png?v=1638208889\" alt=\"Delivery Truck Icon\" class=\"delivery-truck-icon\">\n        <div class=\"heading\">\n            <h4><strong>Express Delivery<\/strong><\/h4>\n        <\/div>\n        <div class=\"body\">\n            <p>\n                Get it between <strong><span id=\"fromDate\"><\/span> - <span id=\"toDate\"><\/span><\/strong> with Express delivery or get it delivered for free.\n            <\/p>\n        <\/div>\n    <\/div>\n\n    <script src=\"\/\/cdnjs.cloudflare.com\/ajax\/libs\/datejs\/1.0\/date.min.js\"><\/script>\n    <script>\n        var fromDate = Date.today().addDays(2);\n        if (fromDate.is().sunday()) {\n            fromDate = fromDate.next().monday();\n        }\n        var toDate = Date.today().addDays(4);\n        if (toDate.is().sunday()) {\n            toDate = toDate.next().monday();\n        }\n        document.getElementById('fromDate').innerHTML = fromDate.toString('dddd MMMM dS');\n        document.getElementById('toDate').innerHTML = toDate.toString('dddd MMMM dS');\n    <\/script>\n\n<style>\n        .container {\n            text-align: left;\n            margin-bottom: 10px;\n        }\n        .caption-icon {\n            height: auto;\n            width: auto;\n            max-height: 8%;\n            max-width: 8%;\n            margin-right: 10px;\n            display: inline-block;\n            vertical-align: middle;\n            margin-bottom: 5px;\n        }\n        .text {\n            text-align: left;\n            display: inline-block;\n            vertical-align: middle;\n        }\n        \n        \/* Media Query for Mobile *\/\n        @media (max-width: 768px) {\n            .container {\n                display: flex;\n                flex-direction: column;\n                align-items: center;\n                justify-content: center;\n                text-align: center;\n            }\n            .caption-icon {\n                max-height: 10%;\n                max-width: 10%;\n                margin-bottom: 20px;\n            }\n            .text {\n                text-align: center;\n            }\n        }\n    <\/style>\n    <div class=\"container\">\n        <img src=\"https:\/\/cdn.shopify.com\/s\/files\/1\/0413\/0553\/8719\/files\/icons8-warning-50.png?v=1686551378\" alt=\"Caption Icon\" class=\"caption-icon\">\n        <div class=\"text\">\n            <h4><strong>Please Note<\/strong><\/h4>\n            <p>\n                Article color may slightly vary; due to photographic lighting sources or your device settings.\n            <\/p>\n        <\/div>\n    <\/div>"}},"variant_picker":{"type":"variant_picker","settings":{"variant_labels":true,"picker_type":"button","product_dynamic_variants_enable":true,"color_swatches":false}},"3c7c7e29-2e44-4cbe-893f-5ea017db9153":{"type":"shopify:\/\/apps\/ordersify-restocked-alerts\/blocks\/bis-inline-button\/903b5cdc-6e3f-4b2d-a8ea-d1ade7f41610","settings":{}},"7c9a044f-de2d-4a25-8320-1f36ec775e11":{"type":"shopify:\/\/apps\/ordersify-restocked-alerts\/blocks\/bis-inline-form\/903b5cdc-6e3f-4b2d-a8ea-d1ade7f41610","settings":{}},"inventory_status":{"type":"inventory_status","settings":{"inventory_threshold":10,"inventory_transfers_enable":true}},"description":{"type":"description","settings":{"is_tab":false}},"a13b9eb2-6b38-4766-ab9d-ae230ade1f60":{"type":"complementary_products","settings":{"product_complementary_heading":"Pairs well with","complementary_count":4,"per_slide":2,"control_type":"dots","image_style":"default"}},"buy_buttons":{"type":"buy_buttons","settings":{"show_dynamic_checkout":true,"surface_pickup_enable":true,"show_gift_card_recipient":false}},"5ebd4d01-ad73-4d3e-b2c3-bc697d0224f3":{"type":"separator","settings":{}},"31b832a4-668b-4ba2-8ff7-fcf15fa821a2":{"type":"tab","settings":{"title":"Exchanges & Returns","content":"","page":"exchanges-shipping-delivery"}},"59627924-1cf9-48ad-9b2b-e717073c67db":{"type":"tab","settings":{"title":"FREQUENTLY ASKED QUESTIONS","content":"","page":"faqs"}},"share":{"type":"share","settings":{}}},"block_order":["0802f4e5-891a-4d49-8d24-1dd7b8285b7e","b81065ec-dd09-4e18-9995-c7d086a47ef1","price","a615fea7-839d-4238-b270-92778d3a60d6","variant_picker","3c7c7e29-2e44-4cbe-893f-5ea017db9153","7c9a044f-de2d-4a25-8320-1f36ec775e11","inventory_status","description","a13b9eb2-6b38-4766-ab9d-ae230ade1f60","buy_buttons","5ebd4d01-ad73-4d3e-b2c3-bc697d0224f3","31b832a4-668b-4ba2-8ff7-fcf15fa821a2","59627924-1cf9-48ad-9b2b-e717073c67db","share"],"custom_css":[],"settings":{"sku_enable":true,"image_position":"left","image_size":"large","product_zoom_enable":true,"thumbnail_position":"beside","thumbnail_height":"fixed","thumbnail_arrows":true,"mobile_layout":"full","enable_video_looping":true,"product_video_style":"muted"}},"sub":{"type":"product-full-width","blocks":{"c8a54f26-618f-4afb-8ae8-8c02bec2aed6":{"type":"shopify:\/\/apps\/yotpo-product-photo-reviews\/blocks\/reviews\/eb7dfd7d-db44-4334-bc49-c893b51b36cf","settings":{"product":"{{product}}"}}},"block_order":["c8a54f26-618f-4afb-8ae8-8c02bec2aed6"],"settings":{"max_width":true}},"product-recommendations":{"type":"product-recommendations","settings":{"product_recommendations_heading":"We know you'll like these too","related_count":5,"products_per_row":5}},"recently-viewed":{"type":"recently-viewed","settings":{"recent_count":5}},"collection-return":{"type":"collection-return","settings":{}}},"order":["main","sub","product-recommendations","recently-viewed","collection-return"]}